<olac:olac xsi:schemaLocation="
  http://purl.org/dc/elements/1.1/             http://www.language-archives.org/OLAC/1.0/dc.xsd
  http://purl.org/dc/terms/                    http://www.language-archives.org/OLAC/1.0/dcterms.xsd
  http://www.language-archives.org/OLAC/1.0/   http://www.language-archives.org/OLAC/1.0/olac.xsd
  http://www.compuling.net/projects/olac/      http://www.language-archives.org/OLAC/1.0/third-party/software.xsd">
  <dc:identifier>LDC99T42</dc:identifier>
  <dc:title>Treebank-3</dc:title>
  <dc:type xsi:type="olac:linguistic-type" olac:code="primary_text"/>
  <dc:description>Release type: General</dc:description>
  <dc:creator xsi:type="olac:role" olac:code="author">Mitchell P. Marcus, Beatrice Santorini, Mary Ann Marcinkiewicz and Ann Taylor</dc:creator>
  <dc:identifier>ISBN: 1-58563-163-9</dc:identifier>
  <dc:description>Online documentation: http://www.ldc.upenn.edu/Catalog/docs/treebank3/</dc:description>
  <dc:subject xsi:type="olac:language" olac:code="x-sil-ENG">English</dc:subject>
</olac:olac>
